{
  "id": "4f6c3957-598e-49e2-adb7-d35caa8577ef",
  "generation": 3,
  "iteration": 23,
  "timestamp": 1764500104.539567,
  "parent_id": "cdb3c072-8d49-4758-a852-83d2939c986b",
  "metrics": {
    "combined_score": -2266.6666666666665,
    "score": -2266.6666666666665,
    "collisions": 57.333333333333336,
    "idle_penalty": 0.0,
    "correctness": 1.0
  },
  "language": "python",
  "saved_at": 1764517700.310889
}